Time_s,Channel 1,Channel 2,Channel 3,Channel 4,Channel 5,Channel 6
0.000,-6.99348818E-04,-2.87267628E-04,-5.74365952E-04,-1.79182411E-03,-7.90295911E-04,-7.73643215E-04
