Time_s,Channel 1,Channel 2,Channel 3,Channel 4,Channel 5,Channel 6
0.000,-9.70758549E-04,-9.97256787E-04,-9.25328826E-04,-1.07704365E-03,-9.94802705E-04,-6.72762935E-04
8.266,-1.02100879E-03,-9.54544082E-04,-9.58926371E-04,-1.07888421E-03,-9.95445441E-04,-5.16782681E-04
16.370,-9.82619943E-04,-9.42390535E-04,-9.43997375E-04,-1.09997763E-03,-1.02582931E-03,-6.36039358E-04
