Time_s,Channel 1,Channel 2,Channel 3,Channel 4,Channel 5,Channel 6,Channel 1 - Channel 2,Channel 2 - Channel 3,Channel 3 - Channel 4,Channel 4 - Channel 5,Channel 5 - Channel 6
0.000,-1.01913901E-03,+1.61936064E+00,-1.17590178E-02,-1.14406345E-03,-9.46889685E-04,-7.02796218E-04,-1.62037977901,1.6311196578,-0.01061495435,-0.000197173765,-0.000244093467
10.038,-9.95854455E-04,+1.61935743E+00,+7.82854432E-03,-1.16571195E-03,-9.39264503E-04,-7.63914535E-04,-1.620353284455,1.61152888568,0.00899425627,-0.0002264474469999999,-0.00017534996800000003
20.076,-1.01256558E-03,+1.61936064E+00,-3.42641770E-03,-1.15870029E-03,-1.02308307E-03,-6.78722847E-04,-1.62037320558,1.6227870577,-0.00226771741,-0.00013561721999999997,-0.00034436022300000013
30.118,-1.23039453E-03,-4.06904102E-04,-1.18607499E-03,-1.22449305E-03,-1.14794908E-03,-1.13675964E-03,-0.0008234904279999999,0.000779170888,3.841805999999989e-05,-7.654396999999991e-05,-1.1189439999999967e-05
