Time_s,Channel 1,Channel 2,Channel 3,Channel 4,Channel 5,Channel 6
0.000,-9.90708846E-04,-1.32875982E-03,-1.25472809E-03,-1.13582156E-03,-3.56677014E-04,-8.25291454E-04
17.131,+0.00000000E+00,+0.00000000E+00,+0.00000000E+00,+0.00000000E+00,+0.00000000E+00,+0.00000000E+00
34.189,-9.91994322E-04,-7.98091950E-04,-8.96723019E-04,-1.18849686E-03,-7.70950877E-04,-7.49273077E-04
51.455,+0.00000000E+00,+0.00000000E+00,+0.00000000E+00,+0.00000000E+00,+0.00000000E+00,+0.00000000E+00
68.604,-7.33613642E-04,-1.10120135E-03,-1.04522472E-03,-8.33793125E-04,-2.12995854E-04,-7.84448375E-04
85.692,+0.00000000E+00,+0.00000000E+00,+0.00000000E+00,+0.00000000E+00,+0.00000000E+00,+0.00000000E+00
102.733,-8.35312324E-04,-1.38941092E-03,-9.29561089E-04,-9.16268098E-04,-4.60508418E-04,-1.09039167E-03
119.820,+0.00000000E+00,+0.00000000E+00,+0.00000000E+00,+0.00000000E+00,+0.00000000E+00,+0.00000000E+00
