Time_s,Channel 1,Channel 2,Channel 3,Channel 4,Channel 5,Channel 6
0.000,-1.48929825E-03,-1.61080152E-04,-5.97820629E-04,-1.04913957E-03,-7.67883264E-04,-6.45529319E-04
